Code,Symbol,RateToUSD,TaxRate,Volatility,Type
USD,$,1.0000,0.005, ,Fiat
EUR,‚Ç¨,1.1401,0.010, ,Fiat
JPY,¬•,0.00690,0.010, ,Fiat
GBP,¬£,1.3528,0.010, ,Fiat
CNY,¬•,0.1392,0.015, ,Fiat
AUD,$,0.6468,0.005, ,Fiat
CAD,$,0.7292,0.005, ,Fiat
CHF,Fr.,1.2222,0.005, ,Fiat
HKD,$,0.1275,0.005, ,Fiat
SGD,$,0.7779,0.005, ,Fiat
SEK,kr,0.1037,0.010, ,Fiat
KRW,‚Ç©,0.000726,0.010, ,Fiat
NOK,kr,0.09887,0.010, ,Fiat
NZD,$,0.6037,0.005, ,Fiat
INR,‚Çπ,0.01166,0.020, ,Fiat
MXN,$,0.05204,0.010, ,Fiat
TWD,$,0.03333,0.010, ,Fiat
ZAR,R,0.05623,0.020, ,Fiat
BRL,R$,0.1798,0.020, ,Fiat
THB,‡∏ø,0.03075,0.010, ,Fiat
BTC,‚Çø,105767,0.020,1.35,Crypto
ETH,Œû,2513.24,0.020,1.40,Crypto
USDT,‚ÇÆ,1.0000,0.020,0.05,Crypto
XRP,‚úï,2.28,0.020,1.50,Crypto
BNB,B,643.43,0.020,1.30,Crypto
SOL,‚óé,95.00,0.020,1.50,Crypto
USDC,$,1.0000,0.020,0.05,Crypto
DOGE,√ê,0.30,0.020,2.00,Crypto
TRX,‚ß´,0.18,0.020,1.60,Crypto
ADA,‚Ç≥,0.95,0.020,1.60,Crypto
LINK,‚ä≤,21.50,0.020,1.70,Crypto
AVAX,Œõ,75.00,0.020,1.60,Crypto
XLM,*,0.45,0.020,1.50,Crypto
BCH,…É,280.00,0.020,1.80,Crypto
TON,‚åÇ,8.50,0.020,1.70,Crypto
SHIB,ü¶¥,0.000028,0.020,2.50,Crypto
HBAR,‚Ñè,0.12,0.020,1.30,Crypto
LTC,≈Å,75.00,0.020,1.50,Crypto
DOT,‚Ä¢,6.50,0.020,1.60,Crypto
XMR,…±,240.00,0.020,1.80,Crypto